time_s,time_end_s,rank,contributor,key,value,unit,fraction,cumulative_fraction,flags
60,,1,La-144,571440,38919577400.97762,R/h,0.10844071118992009,0.10844071118992009,1
60,,2,Rb-91,370910,29254823789.42904,R/h,0.0815120335140584,0.1899527447039785,1
60,,3,Cs-140,551400,23820917144.299736,R/h,0.06637166610804816,0.25632441081202667,0
60,,4,Sr-94,380940,18090323555.42309,R/h,0.050404646787263606,0.30672905759929026,0
60,,5,Kr-90,360900,15282289063.078604,R/h,0.042580685744253575,0.3493097433435438,0
60,,6,Br-87,350870,13932628544.042204,R/h,0.038820158104362304,0.3881299014479061,0
60,,7,Xe-139,541390,12671964699.397638,R/h,0.03530759982357168,0.4234375012714778,0
60,,8,I-136,531360,12267110614.887121,R/h,0.034179564326162565,0.45761706559764037,0
77.63349100249894,,1,La-144,571440,29895071672.470707,R/h,0.10646988798192869,0.10646988798192869,1
77.63349100249894,,2,Rb-91,370910,23903021789.86645,R/h,0.08512948489567383,0.19159937287760254,1
77.63349100249894,,3,Cs-140,551400,20327102059.32672,R/h,0.07239401540711822,0.26399338828472074,0
77.63349100249894,,4,Sr-94,380940,15379854268.71599,R/h,0.054774625701148126,0.31876801398586885,0
77.63349100249894,,5,Br-87,350870,11189721680.83691,R/h,0.03985166608597741,0.35861968007184625,0
77.63349100249894,,6,I-136,531360,11022385882.00359,R/h,0.039255707529585765,0.39787538760143204,0
77.63349100249894,,7,Kr-90,360900,10470061869.03925,R/h,0.03728863160368341,0.43516401920511544,0
77.63349100249894,,8,Br-86,350860,10021869217.91306,R/h,0.03569241461238341,0.47085643381749887,0
100.4493154205847,,1,La-144,571440,20679602317.00103,R/h,0.09578137214120869,0.09578137214120869,1
100.4493154205847,,2,Rb-91,370910,18276431429.83696,R/h,0.08465064527644946,0.18043201741765813,1
100.4493154205847,,3,Cs-140,551400,16160830400.29606,R/h,0.07485185096664827,0.2552838683843064,0
100.4493154205847,,4,Sr-94,380940,12466382106.875109,R/h,0.05774033588892881,0.3130242042732352,0
100.4493154205847,,5,I-136,531360,9363564265.276386,R/h,0.04336906579307098,0.35639327006630617,0
100.4493154205847,,6,Br-87,350870,8422197867.238949,R/h,0.03900895461155534,0.3954022246778615,0
100.4493154205847,,7,Kr-89,360890,8297612551.984639,R/h,0.03843191486674881,0.4338341395446103,0
100.4493154205847,,8,Rb-90,370900,8170774333.864293,R/h,0.03784444038898649,0.4716785799335968,1
129.9705170818524,,1,Rb-91,370910,12881245820.56395,R/h,0.07910594991571743,0.07910594991571743,1
129.9705170818524,,2,La-144,571440,12624891898.042423,R/h,0.07753163630986173,0.15663758622557916,1
129.9705170818524,,3,Cs-140,551400,11822516355.568293,R/h,0.07260410986088847,0.22924169608646763,0
129.9705170818524,,4,Sr-94,380940,9499970955.270739,R/h,0.05834095840238502,0.2875826544888527,0
129.9705170818524,,5,Rb-90,370900,7790727099.450817,R/h,0.047844197395279356,0.335426851884132,1
129.9705170818524,,6,Kr-89,360890,7446174975.772583,R/h,0.04572824344030304,0.38115509532443503,0
129.9705170818524,,7,I-136,531360,7437256330.0428505,R/h,0.04567347250026819,0.42682856782470324,0
129.9705170818524,,8,Sr-93,380930,6381515186.998444,R/h,0.03918998424540491,0.46601855207010817,1
168.1677494744021,,1,Rb-91,370910,8186504847.464009,R/h,0.06774812727457857,0.06774812727457857,1
168.1677494744021,,2,Cs-140,551400,7825126889.429155,R/h,0.06475751279973871,0.13250564007431728,0
168.1677494744021,,3,Rb-90,370900,6970673033.611671,R/h,0.0576864061855272,0.19019204625984448,1
168.1677494744021,,4,Sr-94,380940,6683740588.673103,R/h,0.05531187197818157,0.24550391823802606,0
168.1677494744021,,5,La-144,571440,6614367616.46657,R/h,0.05473776996052748,0.30024168819855357,1
168.1677494744021,,6,Kr-89,360890,6472835142.053669,R/h,0.053566505755757415,0.35380819395431096,0
168.1677494744021,,7,Sr-93,380930,6013212622.080602,R/h,0.049762859931123976,0.4035710538854349,1
168.1677494744021,,8,I-136,531360,5451362416.239365,R/h,0.04511322007091284,0.44868427395634775,0
217.59082442885827,,1,Rb-90,370900,5806725521.383484,R/h,0.06524869277024928,0.06524869277024928,1
217.59082442885827,,2,Sr-93,380930,5568032545.822309,R/h,0.0625665607198442,0.12781525349009348,1
217.59082442885827,,3,Kr-89,360890,5399777677.026913,R/h,0.0606759236989103,0.18849117718900377,0
217.59082442885827,,4,Cs-140,551400,4573380143.966298,R/h,0.051389905521850514,0.2398810827108543,0
217.59082442885827,,5,Rb-91,370910,4553482334.788332,R/h,0.05116631891816603,0.2910474016290203,1
217.59082442885827,,6,Sr-94,380940,4240712866.7365327,R/h,0.04765180822643905,0.33869920985545937,0
217.59082442885827,,7,Sb-132,511320,3644136630.207619,R/h,0.040948233306639444,0.3796474431620988,0
217.59082442885827,,8,I-136,531360,3623442056.981704,R/h,0.04071569366868744,0.42036313683078624,0
281.53892184206836,,1,Sr-93,380930,5040569218.397214,R/h,0.07650566752494706,0.07650566752494706,1
281.53892184206836,,2,Rb-90,370900,4465292708.50619,R/h,0.06777413116591867,0.1442797986908657,1
281.53892184206836,,3,Kr-89,360890,4270930102.4927363,R/h,0.06482409908210655,0.20910389777297228,0
281.53892184206836,,4,Sb-132,511320,2830288634.4738173,R/h,0.04295806919551496,0.25206196696848726,0
281.53892184206836,,5,Sb-133,511330,2528227674.7974076,R/h,0.03837339346704275,0.29043536043553003,0
281.53892184206836,,6,Sr-94,380940,2353915417.8917522,R/h,0.03572768521574574,0.3261630456512758,0
281.53892184206836,,7,Cs-140,551400,2280762902.9118757,R/h,0.03461737767959733,0.3607804233308731,0
281.53892184206836,,8,Ce-145,581450,2266300739.467865,R/h,0.03439787122701245,0.39517829455788556,1
364.2808225946576,,1,Sr-93,380930,4431540963.7948,R/h,0.08929371237404601,0.08929371237404601,1
364.2808225946576,,2,Kr-89,360890,3153081481.732467,R/h,0.0635332840702557,0.1528269964443017,0
364.2808225946576,,3,Rb-90,370900,3133117048.676118,R/h,0.06313100902471082,0.2159580054690125,1
364.2808225946576,,4,Sb-132,511320,2021229438.73487,R/h,0.04072693485604054,0.25668494032505307,0
364.2808225946576,,5,Rb-89,370890,1950860934.2112498,R/h,0.03930903867625588,0.29599397900130897,0
364.2808225946576,,6,Ba-142,561420,1898956493.0659068,R/h,0.038263185715303204,0.33425716471661215,0
364.2808225946576,,7,Y-95,390950,1898749566.4332464,R/h,0.03825901622948095,0.3725161809460931,1
364.2808225946576,,8,Mo-101,421010,1869858475.02678,R/h,0.037676872720643295,0.4101930536667364,0
471.33986605475457,,1,Sr-93,380930,3751406483.5981684,R/h,0.09815223061634223,0.09815223061634223,1
471.33986605475457,,2,Kr-89,360890,2129201499.1143608,R/h,0.05570867286268727,0.1538609034790295,0
471.33986605475457,,3,Rb-89,370890,2041618228.3479145,R/h,0.053417134095031134,0.20727803757406063,0
471.33986605475457,,4,Rb-90,370900,1969843130.9301276,R/h,0.05153920219267329,0.25881723976673393,1
471.33986605475457,,5,Mo-101,421010,1718082376.7145267,R/h,0.04495210486905497,0.3037693446357889,0
471.33986605475457,,6,Ba-142,561420,1689826377.1072612,R/h,0.04421281164613355,0.3479821562819225,0
471.33986605475457,,7,Y-95,390950,1683961664.429143,R/h,0.044059366629231746,0.39204152291115424,1
471.33986605475457,,8,Xe-138,541380,1511604889.2557256,R/h,0.039549804144047754,0.431591327055202,0
609.8626541746804,,1,Sr-93,380930,3023899143.1748476,R/h,0.10091617166495695,0.10091617166495695,1
609.8626541746804,,2,Rb-89,370890,2036090413.7479541,R/h,0.06795016632182724,0.1688663379867842,0
609.8626541746804,,3,Mo-101,421010,1539835683.9902236,R/h,0.051388725239768555,0.22025506322655275,0
609.8626541746804,,4,Ba-142,561420,1453037460.193309,R/h,0.04849202001311666,0.2687470832396694,0
609.8626541746804,,5,Y-95,390950,1441643752.3762698,R/h,0.04811177936370218,0.3168588626033716,1
609.8626541746804,,6,Xe-138,541380,1349205389.7741446,R/h,0.045026846557712684,0.36188570916108426,0
609.8626541746804,,7,Kr-89,360890,1281104074.485747,R/h,0.04275411069621246,0.4046398198572967,0
609.8626541746804,,8,Rb-90,370900,1079856742.0371373,R/h,0.03603791105233953,0.44067773090963624,1
789.0961145938365,,1,Sr-93,380930,2287833159.3857746,R/h,0.09645928913363665,0.09645928913363665,1
789.0961145938365,,2,Rb-89,370890,1918291123.8902779,R/h,0.08087871154533789,0.17733800067897454,0
789.0961145938365,,3,Mo-101,421010,1336363094.3988082,R/h,0.05634354654809866,0.23368154722707318,0
789.0961145938365,,4,Ba-142,561420,1195205158.5662286,R/h,0.050392066174574535,0.2840736134016477,0
789.0961145938365,,5,Y-95,390950,1179105631.7870114,R/h,0.049713280266546096,0.3337868936681938,1
789.0961145938365,,6,Xe-138,541380,1164692548.174436,R/h,0.04910559793018818,0.382892491598382,0
789.0961145938365,,7,Cs-138,551380,918360047.7296693,R/h,0.03871976285041659,0.4216122544487986,0
789.0961145938365,,8,Ba-141,561410,881988274.8165064,R/h,0.03718626144742282,0.4587985158962214,0
1021.0047685404585,,1,Rb-89,370890,1692918213.6792722,R/h,0.08992956601706333,0.08992956601706333,0
1021.0047685404585,,2,Sr-93,380930,1594698232.2646577,R/h,0.08471201904317642,0.17464158506023975,1
1021.0047685404585,,3,Mo-101,421010,1112462990.9249256,R/h,0.059095184383713105,0.23373676944395286,0
1021.0047685404585,,4,Cs-138,551380,1022158645.5640755,R/h,0.05429812418190538,0.2880348936258582,0
1021.0047685404585,,5,Xe-138,541380,962885449.8218477,R/h,0.05114947073457893,0.33918436436043714,0
1021.0047685404585,,6,Ba-142,561420,928273624.1815175,R/h,0.049310854767344224,0.38849521912778134,0
1021.0047685404585,,7,Y-95,390950,909052958.4364072,R/h,0.04828983312846647,0.4367850522562478,1
1021.0047685404585,,8,Ba-141,561410,761689282.03458,R/h,0.04046172226143674,0.47724677451768455,0
1321.069408533237,,1,Rb-89,370890,1387860850.9209757,R/h,0.09314342355415994,0.09314342355415994,0
1321.069408533237,,2,Cs-138,551380,1100115800.420478,R/h,0.07383200692575974,0.1669754304799197,0
1321.069408533237,,3,Sr-93,380930,999692429.8355732,R/h,0.06709229916981356,0.23406772964973327,1
1321.069408533237,,4,Mo-101,421010,877488579.4479834,R/h,0.058890839355562635,0.29295856900529593,0
1321.069408533237,,5,Xe-138,541380,752751681.5718815,R/h,0.05051937927439107,0.34347794827968703,0
1321.069408533237,,6,Ba-142,561420,669345170.8805431,R/h,0.04492172303432738,0.3883996713140144,0
1321.069408533237,,7,Y-95,390950,649271937.3162333,R/h,0.043574549292275805,0.4319742206062902,1
1321.069408533237,,8,Ba-141,561410,630052016.2250556,R/h,0.042284643859980396,0.4742588644662706,0
1709.3205006840283,,1,Cs-138,551380,1133297109.3961163,R/h,0.09693861617135348,0.09693861617135348,0
1709.3205006840283,,2,Rb-89,370890,1047106857.1494585,R/h,0.08956617719574982,0.1865047933671033,0
1709.3205006840283,,3,I-134,531340,667050147.1774567,R/h,0.05705733972862273,0.24356213309572602,0
1709.3205006840283,,4,Mo-101,421010,645525774.0697949,R/h,0.05521621357934272,0.29877834667506875,0
1709.3205006840283,,5,Xe-138,541380,547400404.9395093,R/h,0.046822882813801696,0.34560122948887045,0
1709.3205006840283,,6,Sr-93,380930,546323064.2510253,R/h,0.04673073053120885,0.3923319600200793,1
1709.3205006840283,,7,Ba-141,561410,492898938.63476443,R/h,0.042161001406809624,0.4344929614268889,0
1709.3205006840283,,8,Te-134,521340,479723765.2027727,R/h,0.04103403913916966,0.47552700056605857,0
2211.675295170676,,1,Cs-138,551380,1103469715.9645877,R/h,0.12200985964071644,0.12200985964071644,0
2211.675295170676,,2,I-134,531340,726312001.3711281,R/h,0.08030780007876814,0.20231765971948457,0
2211.675295170676,,3,Rb-89,370890,717615391.1047567,R/h,0.07934622208292577,0.2816638818024103,0
2211.675295170676,,4,La-142,571420,475154352.3266772,R/h,0.05253747791744009,0.3342013597198504,0
2211.675295170676,,5,Mo-101,421010,433912105.94576544,R/h,0.04797735214379867,0.38217871186364905,0
2211.675295170676,,6,Te-134,521340,417536684.31033933,R/h,0.0461667334504262,0.42834544531407526,0
2211.675295170676,,7,Xe-138,541380,362492976.54085267,R/h,0.040080589932487365,0.4684260352465626,0
2211.675295170676,,8,Ba-141,561410,358760880.26072395,R/h,0.03966793470804734,0.50809396995461,0
2861.667902134696,,1,Cs-138,551380,1000127537.0539273,R/h,0.14530375548867358,0.14530375548867358,0
2861.667902134696,,2,I-134,531340,769432632.2896104,R/h,0.1117871940578191,0.2570909495464927,0
2861.667902134696,,3,La-142,571420,464600905.5966993,R/h,0.06749964768043282,0.3245905972269255,0
2861.667902134696,,4,Rb-89,370890,437739699.116951,R/h,0.0635971112199717,0.3881877084468972,0
2861.667902134696,,5,Te-134,521340,348881053.1707109,R/h,0.05068726274038636,0.4388749711872836,0
2861.667902134696,,6,Te-133m,521331,269415715.889587,R/h,0.0391421232353446,0.4780170944226282,0
2861.667902134696,,7,Mo-101,421010,259531565.366761,R/h,0.037706102190456094,0.5157231966130843,0
2861.667902134696,,8,Ba-141,561410,237853266.819479,R/h,0.03455656568153894,0.5502797622946233,0
3702.6878222085707,,1,Cs-138,551380,828619807.2065672,R/h,0.16068602256484635,0.16068602256484635,0
3702.6878222085707,,2,I-134,531340,783663451.7002476,R/h,0.15196808233158704,0.3126541048964334,0
3702.6878222085707,,3,La-142,571420,433109195.9590315,R/h,0.0839885716339944,0.39664267653042784,0
3702.6878222085707,,4,Te-134,521340,276523167.0613812,R/h,0.053623395766897286,0.4502660722973251,0
3702.6878222085707,,5,Rb-89,370890,230564780.40030715,R/h,0.04471114156800109,0.4949772138653262,0
3702.6878222085707,,6,Te-133m,521331,226077933.00715557,R/h,0.0438410517449114,0.5388182656102376,0
3702.6878222085707,,7,Sr-92,380920,171396070.56342497,R/h,0.03323714039002546,0.5720554060002631,0
3702.6878222085707,,8,Pr-146,591460,165185340.69968596,R/h,0.03203275513354299,0.604088161133806,1
4790.876362174851,,1,I-134,531340,755899943.4611372,R/h,0.1984927194045635,0.1984927194045635,0
4790.876362174851,,2,Cs-138,551380,614413791.9289865,R/h,0.16133969244822985,0.35983241185279335,0
4790.876362174851,,3,La-142,571420,384313110.3321191,R/h,0.10091726429209649,0.4607496761448898,0
4790.876362174851,,4,Te-134,521340,204700322.68530965,R/h,0.05375251587763579,0.5145021920225256,0
4790.876362174851,,5,Te-133m,521331,180181012.54744104,R/h,0.047313959307695205,0.5618161513302208,0
4790.876362174851,,6,Sr-92,380920,158644069.82340783,R/h,0.04165854635796072,0.6034746976881815,0
4790.876362174851,,7,Kr-88,360880,123768016.89775988,R/h,0.032500399638684965,0.6359750973268665,0
4790.876362174851,,8,Pr-146,591460,109094210.05293912,R/h,0.02864718619444356,0.66462228352131,1
6198.874282616438,,1,I-134,531340,677597407.8247781,R/h,0.24453049293890838,0.24453049293890838,0
6198.874282616438,,2,Cs-138,551380,397807663.25966376,R/h,0.14356032486020928,0.3880908177991177,0
6198.874282616438,,3,La-142,571420,323828471.39468104,R/h,0.11686280794963058,0.5049536257487482,0
6198.874282616438,,4,Sr-92,380920,143541943.92233092,R/h,0.05180123462605311,0.5567548603748014,0
6198.874282616438,,5,Te-134,521340,138713739.91441578,R/h,0.05005883848871368,0.6068136988635151,0
6198.874282616438,,6,Te-133m,521331,134337452.23355305,R/h,0.04847952934218199,0.6552932282056971,0
6198.874282616438,,7,Kr-88,360880,112499888.91421218,R/h,0.0405988171945288,0.695892045400226,0
6198.874282616438,,8,I-135,531350,96050043.90073729,R/h,0.034662417994262305,0.7305544633944883,0
8020.670847418758,,1,I-134,531340,551213351.613988,R/h,0.27854432704930226,0.27854432704930226,0
8020.670847418758,,2,La-142,571420,257566599.20526096,R/h,0.1301559819549664,0.4087003090042687,0
8020.670847418758,,3,Cs-138,551380,218435857.6726081,R/h,0.11038206676361968,0.5190823757678884,0
8020.670847418758,,4,Sr-92,380920,126114691.40238264,R/h,0.06372946472513503,0.5828118404930235,0
8020.670847418758,,5,Kr-88,360880,99428774.94272384,R/h,0.050244285855311495,0.633056126348335,0
8020.670847418758,,6,Te-133m,521331,91877786.01380123,R/h,0.04642854894762425,0.6794846752959592,0
8020.670847418758,,7,I-135,531350,91056450.34277992,R/h,0.04601350386372645,0.7254981791596857,0
8020.670847418758,,8,Te-134,521340,83840343.47526734,R/h,0.04236699271619761,0.7678651718758833,0
10377.877967784832,,1,I-134,531340,394851344.3509466,R/h,0.2867522322547138,0.2867522322547138,0
10377.877967784832,,2,La-142,571420,191091122.0776336,R/h,0.13877578639093238,0.42552801864564616,0
10377.877967784832,,3,Sr-92,380920,106667465.03216305,R/h,0.07746493495470622,0.5029929536003523,0
10377.877967784832,,4,Cs-138,551380,98102421.13892616,R/h,0.07124475743503103,0.5742377110353833,0
10377.877967784832,,5,I-135,531350,84978575.30341956,R/h,0.06171384879577005,0.6359515598311534,0
10377.877967784832,,6,Kr-88,360880,84743762.27577335,R/h,0.06154332092293041,0.6974948807540837,0
10377.877967784832,,7,Te-133m,521331,56199930.35433899,R/h,0.04081398154578049,0.7383088622998643,0
10377.877967784832,,8,Te-134,521340,43704122.742134966,R/h,0.0317391720563637,0.7700480343562279,0
13427.848263950935,,1,I-134,531340,239727753.43943462,R/h,0.2580216666874332,0.2580216666874332,0
13427.848263950935,,2,La-142,571420,129803821.22505595,R/h,0.13970930697161896,0.3977309736590522,0
13427.848263950935,,3,Sr-92,380920,85886013.94680865,R/h,0.09244007898857806,0.4901710526476303,0
13427.848263950935,,4,I-135,531350,77712531.48960036,R/h,0.08364286825268308,0.5738139209003134,0
13427.848263950935,,5,Kr-88,360880,68913775.61529857,R/h,0.07417266873305692,0.6479865896333703,0
13427.848263950935,,6,Cs-138,551380,34355360.91858913,R/h,0.03697705983843128,0.6849636494718016,0
13427.848263950935,,7,Te-133m,521331,29752441.98412657,R/h,0.032022886622949887,0.7169865360947514,0
13427.848263950935,,8,Sr-91,380910,26996419.899443965,R/h,0.029056549177599252,0.7460430852723506,0
17374.178956372576,,1,I-134,531340,117512990.38316847,R/h,0.19173449372167853,0.19173449372167853,0
17374.178956372576,,2,La-142,571420,78695792.89168632,R/h,0.1284002556561161,0.3201347493777946,0
17374.178956372576,,3,I-135,531350,69225208.37267089,R/h,0.11294802588916879,0.4330827752669634,0
17374.178956372576,,4,Sr-92,380920,64886586.62712893,R/h,0.1058691196242619,0.5389518948912253,0
17374.178956372576,,5,Kr-88,360880,52736632.10514371,R/h,0.08604522295191647,0.6249971178431417,0
17374.178956372576,,6,Sr-91,380910,24948204.925306953,R/h,0.04070555455206552,0.6657026723952072,0
17374.178956372576,,7,Rb-88,370880,20407106.726609316,R/h,0.03329628719167651,0.6989989595868837,0
17374.178956372576,,8,Nb-97m,410971,17323030.35340582,R/h,0.02826430034420489,0.7272632599310886,0
22480.302761422663,,1,I-135,531350,59604117.346616685,R/h,0.14683943753509288,0.14683943753509288,0
22480.302761422663,,2,Sr-92,380920,45144096.884395614,R/h,0.11121603824757702,0.2580554757826699,0
22480.302761422663,,3,I-134,531340,43726851.874738865,R/h,0.10772454354332356,0.36578001932599347,0
22480.302761422663,,4,La-142,571420,41185189.523325115,R/h,0.10146295815794915,0.4672429774839426,0
22480.302761422663,,5,Kr-88,360880,37305289.0121099,R/h,0.09190451766556089,0.5591474951495035,0
22480.302761422663,,6,Sr-91,380910,22526913.321750365,R/h,0.05549682519970036,0.6146443203492038,0
22480.302761422663,,7,Nb-97m,410971,16335465.875272248,R/h,0.0402437067736368,0.6548880271228406,0
22480.302761422663,,8,Nb-97,410970,16307918.660925066,R/h,0.04017584204145939,0.6950638691643,0
29087.073036039263,,1,I-135,531350,49112136.27646729,R/h,0.17652138810260837,0.17652138810260837,0
29087.073036039263,,2,Sr-92,380920,28232103.529641386,R/h,0.10147329116483145,0.2779946792674398,0
29087.073036039263,,3,Kr-88,360880,23836593.674231164,R/h,0.08567472160703579,0.36366940087447563,0
29087.073036039263,,4,Sr-91,380910,19739385.307582278,R/h,0.07094832273578501,0.43461772361026063,0
29087.073036039263,,5,La-142,571420,17819077.96199538,R/h,0.06404625445029163,0.4986639780605523,0
29087.073036039263,,6,Nb-97,410970,15455740.167294035,R/h,0.055551823140531316,0.5542158012010836,0
29087.073036039263,,7,Nb-97m,410971,15140743.432812134,R/h,0.0544196455356818,0.6086354467367654,0
29087.073036039263,,8,I-133,531330,13136646.741644723,R/h,0.04721641723737975,0.6558518639741452,0
37635.51704720641,,1,I-135,531350,38228636.282656625,R/h,0.19243443010753525,0.19243443010753525,0
37635.51704720641,,2,Sr-91,380910,16638170.624764116,R/h,0.08375284063326563,0.27618727074080085,0
37635.51704720641,,3,Sr-92,380920,15380606.057068497,R/h,0.07742254103485374,0.3536098117756546,0
37635.51704720641,,4,Nb-97,410970,14142020.879817745,R/h,0.07118777945556035,0.42479759123121497,0
37635.51704720641,,5,Nb-97m,410971,13723631.954239074,R/h,0.06908170290441845,0.4938792941356334,0
37635.51704720641,,6,Kr-88,360880,13352063.018253481,R/h,0.06721130774008742,0.5610906018757208,0
37635.51704720641,,7,I-133,531330,12153608.64767392,R/h,0.061178555692455755,0.6222691575681766,0
37635.51704720641,,8,I-132,531320,9441497.47746542,R/h,0.04752639285911587,0.6697955504272924,0
48696.27623431159,,1,I-135,531350,27644795.617319133,R/h,0.1905286135054286,0.1905286135054286,0
48696.27623431159,,2,Sr-91,380910,13337134.426798418,R/h,0.0919198595514828,0.2824484730569114,0
48696.27623431159,,3,Nb-97,410970,12490276.240335999,R/h,0.08608329203490755,0.36853176509181895,0
48696.27623431159,,4,Nb-97m,410971,12085042.501610985,R/h,0.0832904111088309,0.45182217620064985,0
48696.27623431159,,5,I-133,531330,10973755.534702124,R/h,0.07563139391287266,0.5274535701135226,0
48696.27623431159,,6,I-132,531320,9401102.665478062,R/h,0.06479263153436272,0.5922462016478853,0
48696.27623431159,,7,Sr-92,380920,7009450.224819078,R/h,0.048309303901433745,0.6405555055493191,0
48696.27623431159,,8,Y-91m,390911,6924007.464848175,R/h,0.0477204302914898,0.6882759358408088,0
63007.698714860555,,1,I-135,531350,18174616.627776094,R/h,0.17076379128063,0.17076379128063,0
63007.698714860555,,2,Nb-97,410970,10602095.692169245,R/h,0.09961442890343863,0.27037822018406865,0
63007.698714860555,,3,Nb-97m,410971,10251758.181000534,R/h,0.0963227522282036,0.3667009724122723,0
63007.698714860555,,4,Sr-91,380910,10018281.880872475,R/h,0.09412907194318952,0.4608300443554618,0
63007.698714860555,,5,I-133,531330,9612460.382099375,R/h,0.09031608269929141,0.5511461270547532,0
63007.698714860555,,6,I-132,531320,9167609.554749796,R/h,0.08613638442073496,0.6372825114754881,0
63007.698714860555,,7,Xe-135,541350,5598577.295022266,R/h,0.05260272083068636,0.6898852323061745,0
63007.698714860555,,8,Y-91m,390911,5201179.141381067,R/h,0.048868875063619026,0.7387541073697935,0
81525.12685447154,,1,I-135,531350,10562952.94805759,R/h,0.13588068046733875,0.13588068046733875,0
81525.12685447154,,2,I-132,531320,8784781.938382113,R/h,0.1130064815600692,0.24888716202740796,0
81525.12685447154,,3,Nb-97,410970,8569933.825252805,R/h,0.11024269874737547,0.3591298607747834,0
81525.12685447154,,4,Nb-97m,410971,8286097.25441449,R/h,0.10659145590111074,0.46572131667589417,0
81525.12685447154,,5,I-133,531330,8098269.902840969,R/h,0.1041752652328676,0.5698965819087618,0
81525.12685447154,,6,Sr-91,380910,6918346.000001605,R/h,0.08899685218815422,0.658893434096916,0
81525.12685447154,,7,Xe-135,541350,4560023.200040097,R/h,0.058659643606785265,0.7175530777037012,0
81525.12685447154,,8,Y-91m,390911,3591794.7518782327,R/h,0.046204457918557554,0.7637575356222588,0
105484.67003556988,,1,I-132,531320,8280702.186181048,R/h,0.1470607559349837,0.1470607559349837,0
105484.67003556988,,2,Nb-97,410970,6506712.433344302,R/h,0.11555566515796552,0.2626164210929492,0
105484.67003556988,,3,I-133,531330,6487403.903075929,R/h,0.11521275618799928,0.37782917728094845,0
105484.67003556988,,4,Nb-97m,410971,6291177.232295757,R/h,0.11172787750371396,0.4895570547846624,0
105484.67003556988,,5,I-135,531350,5234089.018488337,R/h,0.09295456718325487,0.5825116219679173,0
105484.67003556988,,6,Sr-91,380910,4285053.093882608,R/h,0.07610020660561155,0.6586118285735288,0
105484.67003556988,,7,Xe-135,541350,3257816.330126356,R/h,0.05785704176213945,0.7164688703356683,0
105484.67003556988,,8,Ce-143,581430,2939657.885973528,R/h,0.05220672126368043,0.7686755915993487,0
136485.71970180003,,1,I-132,531320,7663285.002717349,R/h,0.18964653394566364,0.18964653394566364,0
136485.71970180003,,2,I-133,531330,4869020.312779486,R/h,0.12049569156076431,0.31014222550642795,0
136485.71970180003,,3,Nb-97,410970,4556053.607748423,R/h,0.11275057300801705,0.422892798514445,0
136485.71970180003,,4,Nb-97m,410971,4405133.426430759,R/h,0.10901568786682798,0.531908486381273,0
136485.71970180003,,5,Ce-143,581430,2453777.9524996816,R/h,0.060724674026718536,0.5926331604079915,0
136485.71970180003,,6,Sr-91,380910,2305510.802301256,R/h,0.057055444561396294,0.6496886049693879,0
136485.71970180003,,7,I-135,531350,2109970.282303774,R/h,0.052216321150182224,0.7019049261195701,0
136485.71970180003,,8,Xe-135,541350,1967021.8404274394,R/h,0.04867871599453852,0.7505836421141087,0
176597.71487398783,,1,I-132,531320,6931077.445748397,R/h,0.23983800033564615,0.23983800033564615,0
176597.71487398783,,2,I-133,531330,3358804.4941589767,R/h,0.11622564596960545,0.3560636463052516,0
176597.71487398783,,3,Nb-97,410970,2872959.770883616,R/h,0.09941382590035128,0.45547747220560286,0
176597.71487398783,,4,Nb-97m,410971,2777792.403279119,R/h,0.09612072301380499,0.5515981952194079,0
176597.71487398783,,5,Ce-143,581430,1942292.132416063,R/h,0.06720967479480054,0.6188078700142084,0
176597.71487398783,,6,La-140,571400,1908794.4718360652,R/h,0.06605054593030386,0.6848584159445124,0
176597.71487398783,,7,Te-132,521320,1056391.8613793582,R/h,0.03655462135392703,0.7214130372984394,0
176597.71487398783,,8,Sr-91,380910,1033869.5355620517,R/h,0.03577527505038166,0.7571883123488211,0
228498.2851455273,,1,I-132,531320,6086427.062267775,R/h,0.2916417448687845,0.2916417448687845,0
228498.2851455273,,2,La-140,571400,2175347.526203277,R/h,0.10423556246503919,0.3958773073338237,0
228498.2851455273,,3,I-133,531330,2077475.1684807246,R/h,0.09954583811796194,0.4954231454517857,0
228498.2851455273,,4,Nb-97,410970,1582033.8055903513,R/h,0.0758059030008096,0.5712290484525953,0
228498.2851455273,,5,Nb-97m,410971,1529628.619036003,R/h,0.07329481728655975,0.644523865739155,0
228498.2851455273,,6,Ce-143,581430,1435349.8454794043,R/h,0.0687772857786917,0.7133011515178467,0
228498.2851455273,,7,Te-132,521320,927655.0689977391,R/h,0.04445020702475489,0.7577513585426016,0
228498.2851455273,,8,Mo-99,420990,651776.427660544,R/h,0.03123100181478874,0.7889823603573903,0
295651.9927321951,,1,I-132,531320,5144428.038590865,R/h,0.3335997599540026,0.3335997599540026,0
295651.9927321951,,2,La-140,571400,2403431.0015789266,R/h,0.15585483928984228,0.4894545992438449,0
295651.9927321951,,3,I-133,531330,1115749.8068463467,R/h,0.07235281841645137,0.5618074176602963,0
295651.9927321951,,4,Ce-143,581430,970501.7844849085,R/h,0.0629339471580555,0.6247413648183517,0
295651.9927321951,,5,Te-132,521320,784081.4761393105,R/h,0.05084518439412396,0.6755865492124757,0
295651.9927321951,,6,Nb-97,410970,731055.9746624503,R/h,0.047406649647126785,0.7229931988596026,0
295651.9927321951,,7,Nb-97m,410971,706839.5991346455,R/h,0.04583629488612512,0.7688294937457276,0
295651.9927321951,,8,Mo-99,420990,535780.0688088622,R/h,0.03474362961285272,0.8035731233585803,0
382541.6052940967,,1,I-132,531320,4138569.415086639,R/h,0.35333783604998814,0.35333783604998814,0
382541.6052940967,,2,La-140,571400,2559240.900376517,R/h,0.2184998126099405,0.5718376486599286,0
382541.6052940967,,3,Te-132,521320,630774.8094934043,R/h,0.053853538232021464,0.62569118689195,0
382541.6052940967,,4,Ce-143,581430,584904.1296001662,R/h,0.04993724611607077,0.6756284330080208,0
382541.6052940967,,5,I-133,531330,499178.8705776308,R/h,0.042618297349033295,0.7182467303570541,0
382541.6052940967,,6,Mo-99,420990,415777.2618389336,R/h,0.0354977344203571,0.7537444647774112,0
382541.6052940967,,7,Ba-140,561400,370523.5087491293,R/h,0.031634113544118346,0.7853785783215296,0
382541.6052940967,,8,I-131,531310,337638.33224913635,R/h,0.02882648222584887,0.8142050605473784,0
494967.33787801187,,1,I-132,531320,3123161.962962862,R/h,0.3440925060182128,0.3440925060182128,0
494967.33787801187,,2,La-140,571400,2611438.9990175543,R/h,0.28771373375500103,0.6318062397732138,0
494967.33787801187,,3,Te-132,521320,476012.7702639144,R/h,0.052444422978754686,0.6842506627519686,0
494967.33787801187,,4,Ba-140,561400,345223.3138744331,R/h,0.038034772648893926,0.7222854354008624,0
494967.33787801187,,5,I-131,531310,305060.650877807,R/h,0.03360987521393552,0.755895310614798,0
494967.33787801187,,6,Ce-143,581430,303768.5921650873,R/h,0.033467523416092604,0.7893628340308906,0
494967.33787801187,,7,Mo-99,420990,299481.4119461679,R/h,0.03299518589316753,0.8223580199240581,0
494967.33787801187,,8,Xe-133,541330,284391.47526670404,R/h,0.03133266112203237,0.8536906810460905,0
640434.0395280572,,1,La-140,571400,2540943.5254992084,R/h,0.3597920126792773,0.3597920126792773,0
640434.0395280572,,2,I-132,531320,2169745.745991719,R/h,0.30723122380269674,0.667023236481974,0
640434.0395280572,,3,Te-132,521320,330699.04653233086,R/h,0.046826257391773096,0.7138494938737472,0
640434.0395280572,,4,Ba-140,561400,315033.9778693484,R/h,0.044608118135054976,0.7584576120088021,0
640434.0395280572,,5,I-131,531310,265789.20293855126,R/h,0.03763516635218976,0.7960927783609919,0
640434.0395280572,,6,Zr-95,400950,240743.68190932635,R/h,0.034088775679089064,0.830181554040081,0
640434.0395280572,,7,Xe-133,541330,232478.40574450974,R/h,0.032918430759240766,0.8630999847993217,0
640434.0395280572,,8,Mo-99,420990,195885.43862757616,R/h,0.02773694712657266,0.8908369319258944,0
828652.1707565932,,1,La-140,571400,2348930.588222502,R/h,0.4325790630282696,0.4325790630282696,0
828652.1707565932,,2,I-132,531320,1354358.882844002,R/h,0.24941873526710454,0.6819977982953741,0
828652.1707565932,,3,Ba-140,561400,279856.00392535026,R/h,0.05153828238597419,0.7335360806813482,0
828652.1707565932,,4,Zr-95,400950,235132.93935864282,R/h,0.043302082703011675,0.77683816338436,0
828652.1707565932,,5,I-131,531310,221187.1155398007,R/h,0.040733819753497644,0.8175719831378576,0
828652.1707565932,,6,Te-132,521320,206422.8917358199,R/h,0.038014840260664415,0.855586823398522,0
828652.1707565932,,7,Xe-133,541330,176240.99109366979,R/h,0.03245654136258012,0.8880433647611021,0
828652.1707565932,,8,Ru-103,441030,116392.70198142664,R/h,0.021434880289312685,0.9094782450504149,0
1072186.014043885,,1,La-140,571400,2057549.0517740822,R/h,0.5023901298867569,0.5023901298867569,0
1072186.014043885,,2,I-132,531320,736048.4530019742,R/h,0.17972037049992542,0.6821105003866823,0
1072186.014043885,,3,Ba-140,561400,240103.86148030488,R/h,0.05862597056988507,0.7407364709565674,0
1072186.014043885,,4,Zr-95,400950,228066.85803363728,R/h,0.055686904927778245,0.7964233758843456,0
1072186.014043885,,5,I-131,531310,173755.2427724021,R/h,0.04242568064643,0.8388490565307757,0
1072186.014043885,,6,Xe-133,541330,122149.80030406539,R/h,0.029825220442491245,0.8686742769732669,0
1072186.014043885,,7,Te-132,521320,112183.89161910543,R/h,0.027391852375586792,0.8960661293488538,0
1072186.014043885,,8,Ru-103,441030,110740.40056449058,R/h,0.02703939630276897,0.9231055256516227,0
1387292.387904684,,1,La-140,571400,1702038.800057497,R/h,0.5601597383405935,0.5601597383405935,0
1387292.387904684,,2,I-132,531320,334386.34525914374,R/h,0.11005023367193612,0.6702099720125296,0
1387292.387904684,,3,Zr-95,400950,219238.30887776447,R/h,0.07215374510325742,0.7423637171157871,0
1387292.387904684,,4,Ba-140,561400,196928.89614840047,R/h,0.06481147135685945,0.8071751884726466,0
1387292.387904684,,5,I-131,531310,126897.74220973563,R/h,0.041763446326732574,0.8489386347993791,0
1387292.387904684,,6,Ru-103,441030,103832.32894954916,R/h,0.03417236446884118,0.8831109992682203,0
1387292.387904684,,7,Xe-133,541330,75690.9206707123,R/h,0.024910716674750612,0.908021715942971,0
1387292.387904684,,8,Nb-95,410950,67370.83017660309,R/h,0.022172483143298317,0.9301941990862693,0
1795005.8519038965,,1,La-140,571400,1320365.2627313356,R/h,0.592107599939531,0.592107599939531,0
1795005.8519038965,,2,Zr-95,400950,208320.36169353683,R/h,0.09341965656210514,0.6855272565016362,0
1795005.8519038965,,3,Ba-140,561400,152376.75353247445,R/h,0.06833217774455289,0.7538594342461891,0
1795005.8519038965,,4,I-132,531320,120472.08423892461,R/h,0.05402477531926496,0.807884209565454,0
1795005.8519038965,,5,Ru-103,441030,95529.59305859126,R/h,0.042839507873839,0.850723717439293,0
1795005.8519038965,,6,I-131,531310,84435.03769181592,R/h,0.037864240244464636,0.8885879576837576,0
1795005.8519038965,,7,Nb-95,410950,81209.2261582103,R/h,0.03641764998725856,0.9250056076710163,0
1795005.8519038965,,8,Xe-133,541330,40643.59593118382,R/h,0.01822630655243321,0.9432319142234494,0
2322542.8442202318,,1,La-140,571400,947959.4223880068,R/h,0.5862891002074807,0.5862891002074807,0
2322542.8442202318,,2,Zr-95,400950,194996.62590698252,R/h,0.12060051690662522,0.7068896171141059,0
2322542.8442202318,,3,Ba-140,561400,109343.0529939755,R/h,0.06762593275594601,0.7745155498700519,0
2322542.8442202318,,4,Nb-95,410950,95857.31542553699,R/h,0.05928534268647168,0.8338008925565236,0
2322542.8442202318,,5,Ru-103,441030,85764.18291168183,R/h,0.05304299365752671,0.8868438862140503,0
2322542.8442202318,,6,I-131,531310,49831.52198501534,R/h,0.030819545116147113,0.9176634313301975,0
2322542.8442202318,,7,I-132,531320,32153.18135936291,R/h,0.019885935328857296,0.9375493666590548,0
2322542.8442202318,,8,Ce-141,581410,31483.018691710815,R/h,0.01947145654618893,0.9570208232052437,0
3005118.4833281673,,1,La-140,571400,617064.9088645059,R/h,0.5375138431640796,0.5375138431640796,0
3005118.4833281673,,2,Zr-95,400950,179013.76507535332,R/h,0.15593558386262601,0.6934494270267055,0
3005118.4833281673,,3,Nb-95,410950,110137.2123129952,R/h,0.0959384910975959,0.7893879181243014,0
3005118.4833281673,,4,Ru-103,441030,74595.12763227333,R/h,0.06497843769583478,0.8543663558201362,0
3005118.4833281673,,5,Ba-140,561400,71171.4508964712,R/h,0.061996136136345935,0.9163624919564821,0
3005118.4833281673,,6,Ce-141,581410,26602.303763716332,R/h,0.02317277538819372,0.9395352673446759,0
3005118.4833281673,,7,I-131,531310,25186.318314082702,R/h,0.021939336620305342,0.9614746039649812,0
3005118.4833281673,,8,Nd-147,601470,16314.863412513649,R/h,0.014211576136608386,0.9756861801015896,0
3888297.31228167,,1,La-140,571400,354030.44931248645,R/h,0.4454101298144894,0.4454101298144894,0
3888297.31228167,,2,Zr-95,400950,160261.952417864,R/h,0.2016275638702434,0.6470376936847329,0
3888297.31228167,,3,Nb-95,410950,122242.27616867608,R/h,0.1537945343482305,0.8008322280329634,0
3888297.31228167,,4,Ru-103,441030,62273.95765201324,R/h,0.07834764386992786,0.8791798719028913,0
3888297.31228167,,5,Ba-140,561400,40833.2523787715,R/h,0.05137282478977708,0.9305526966926684,0
3888297.31228167,,6,Ce-141,581410,21392.51635007503,R/h,0.02691419199407672,0.9574668886867451,0
3888297.31228167,,7,I-131,531310,10416.752147865769,R/h,0.013105445973464783,0.9705723346602099,0
3888297.31228167,,8,Nd-147,601470,8557.276399176228,R/h,0.01076601631079285,0.9813383509710027,0
5031034.906801009,,1,La-140,571400,172518.30601258378,R/h,0.31684107480128865,0.31684107480128865,0
5031034.906801009,,2,Zr-95,400950,138883.66919855264,R/h,0.25506887957737256,0.5719099543786612,0
5031034.906801009,,3,Nb-95,410950,129800.89433582801,R/h,0.23838777357651786,0.8102977279551791,0
5031034.906801009,,4,Ru-103,441030,49301.508050460085,R/h,0.0905454218805786,0.9008431498357576,0
5031034.906801009,,5,Ba-140,561400,19897.957539828218,R/h,0.036543891480187135,0.9373870413159447,0
5031034.906801009,,6,Ce-141,581410,16135.614045239203,R/h,0.029634103271912772,0.9670211445878575,0
5031034.906801009,,7,Nd-147,601470,3713.0021638990906,R/h,0.006819169649529757,0.9738403142373873,0
5031034.906801009,,8,I-131,531310,3323.6279904022213,R/h,0.006104058688368263,0.9799443729257555,0
6509613.386173228,,1,Nb-95,410950,130248.28833459559,R/h,0.3425934957860195,0.3425934957860195,0
6509613.386173228,,2,Zr-95,400950,115397.91995123598,R/h,0.30353240958505784,0.6461259053710773,0
6509613.386173228,,3,La-140,571400,68057.3715631654,R/h,0.1790120479582521,0.8251379533293294,0
6509613.386173228,,4,Ru-103,441030,36441.7936386513,R/h,0.09585324793909156,0.9209912012684209,0
6509613.386173228,,5,Ce-141,581410,11202.484564948334,R/h,0.02946601753978813,0.9504572188082091,0
6509613.386173228,,6,Ba-140,561400,7849.617352426265,R/h,0.020646934280179868,0.9711041530883889,0
6509613.386173228,,7,Rh-103m,451031,2442.04314377148,R/h,0.00642333276070188,0.9775274858490908,0
6509613.386173228,,8,Ce-144,581440,1653.2081453777605,R/h,0.004348451446301668,0.9818759372953925,0
8422733.53742045,,1,Nb-95,410950,121617.54790761434,R/h,0.4426625548359341,0.4426625548359341,0
8422733.53742045,,2,Zr-95,400950,90803.01448267665,R/h,0.33050406844446334,0.7731666232803974,0
8422733.53742045,,3,Ru-103,441030,24646.936698571742,R/h,0.08970971833897853,0.862876341619376,0
8422733.53742045,,4,La-140,571400,20426.536672050755,R/h,0.0743483408871934,0.9372246825065694,0
8422733.53742045,,5,Ce-141,581410,6986.664462392306,R/h,0.025430004089980286,0.9626546865965497,0
8422733.53742045,,6,Ba-140,561400,2355.9607582228077,R/h,0.008575206672645124,0.9712298932691948,0
8422733.53742045,,7,Rh-103m,451031,1651.644355833205,R/h,0.006011641599523669,0.9772415348687186,0
8422733.53742045,,8,Ce-144,581440,1566.50623119705,R/h,0.005701756550747571,0.9829432914194661,0
10898103.471562928,,1,Nb-95,410950,103651.9349312469,R/h,0.5182751714400264,0.5182751714400264,0
10898103.471562928,,2,Zr-95,400950,66590.01567543663,R/h,0.3329600341110178,0.8512352055510443,0
10898103.471562928,,3,Ru-103,441030,14859.786224874415,R/h,0.07430115277990097,0.9255363583309453,0
10898103.471562928,,4,La-140,571400,4304.304214820303,R/h,0.021522164601613433,0.9470585229325587,0
10898103.471562928,,5,Ce-141,581410,3792.8405840143137,R/h,0.018964769979726813,0.9660232929122855,0
10898103.471562928,,6,Ce-144,581440,1461.036294595565,R/h,0.00730539990945549,0.973328692821741,0
10898103.471562928,,7,Pr-144,591440,1255.4904917203105,R/h,0.006277640164356548,0.9796063329860975,0
10898103.471562928,,8,Ba-137m,561371,1127.940548427969,R/h,0.005639871378169849,0.9852462043642674,0
14100963.630064748,,1,Nb-95,410950,78734.25973426944,R/h,0.5679851313966048,0.5679851313966048,0
14100963.630064748,,2,Zr-95,400950,44579.31404623335,R/h,0.3215930095942662,0.889578140990871,0
14100963.630064748,,3,Ru-103,441030,7721.103938127758,R/h,0.055699669364079135,0.9452778103549501,0
14100963.630064748,,4,Ce-141,581410,1720.6332693279346,R/h,0.012412564960450437,0.9576903753154005,0
14100963.630064748,,5,Ce-144,581440,1335.0374748284923,R/h,0.009630895598930832,0.9673212709143313,0
14100963.630064748,,6,Pr-144,591440,1147.2178083032775,R/h,0.00827597363319146,0.9755972445475227,0
14100963.630064748,,7,Ba-137m,561371,1125.3056729194568,R/h,0.008117900551191777,0.9837151450987145,0
14100963.630064748,,8,Rh-106,451060,577.353531188567,R/h,0.004165000374439283,0.9878801454731537,0
18245117.21835325,,1,Nb-95,410950,51770.27258617484,R/h,0.5972617016351021,0.5972617016351021,0
18245117.21835325,,2,Zr-95,400950,26524.028495408216,R/h,0.30600160288929923,0.9032633045244013,0
18245117.21835325,,3,Ru-103,441030,3309.658096701231,R/h,0.038182762576259896,0.9414460671006611,0
18245117.21835325,,4,Ce-144,581440,1187.995781441804,R/h,0.013705633494167407,0.9551517005948286,0
18245117.21835325,,5,Ba-137m,561371,1121.9055620489867,R/h,0.012943165867011577,0.9680948664618402,0
18245117.21835325,,6,Pr-144,591440,1020.8626666710546,R/h,0.011777457273704356,0.9798723237355446,0
18245117.21835325,,7,Ce-141,581410,618.7654527055063,R/h,0.007138554400708267,0.9870108781362529,0
18245117.21835325,,8,Rh-106,451060,527.9671478737931,R/h,0.006091035287126202,0.9931019134233791,0
23607202.390176058,,1,Nb-95,410950,28439.057528885158,R/h,0.6047789108852936,0.6047789108852936,0
23607202.390176058,,2,Zr-95,400950,13547.989363134368,R/h,0.2881086422572155,0.8928875531425091,0
23607202.390176058,,3,Ba-137m,561371,1117.521428939431,R/h,0.023764971536012088,0.9166525246785212,0
23607202.390176058,,4,Ru-103,441030,1106.0258364095314,R/h,0.023520508725556697,0.9401730334040779,0
23607202.390176058,,5,Ce-144,581440,1021.5093402778663,R/h,0.021723199007031957,0.9618962324111098,0
23607202.390176058,,6,Pr-144,591440,877.7983604283833,R/h,0.01866707206656102,0.9805633044776708,0
23607202.390176058,,7,Rh-106,451060,470.28239150057937,R/h,0.01000092468786539,0.9905642291655362,0
23607202.390176058,,8,Ce-141,581410,164.7510837760834,R/h,0.0035035612875732804,0.9940677904531094,0
30545158.90586514,,1,Nb-95,410950,12499.623990593536,R/h,0.5759462674593775,0.5759462674593775,0
30545158.90586514,,2,Zr-95,400950,5680.192524707096,R/h,0.2617267275813762,0.8376729950407538,0
30545158.90586514,,3,Ba-137m,561371,1111.8742510310956,R/h,0.05123192707616338,0.8889049221169172,0
30545158.90586514,,4,Ce-144,581440,840.2307423613058,R/h,0.03871538537733541,0.9276203074942526,0
30545158.90586514,,5,Pr-144,591440,722.0229311125565,R/h,0.03326871372349257,0.9608890212177452,0
30545158.90586514,,6,Rh-106,451060,404.8955668341283,R/h,0.01865640843312214,0.9795454296508673,0
30545158.90586514,,7,Ru-103,441030,267.8241911877674,R/h,0.012340558673285078,0.9918859883241524,0
30545158.90586514,,8,Sb-125,511250,49.146988149048,R/h,0.002264550069875371,0.9941505383940278,0
39522121.98480631,,1,Nb-95,410950,4166.5429387610075,R/h,0.4734838064245229,0.4734838064245229,0
39522121.98480631,,2,Zr-95,400950,1844.6065739405028,R/h,0.20962014668322734,0.6831039531077503,0
39522121.98480631,,3,Ba-137m,561371,1104.6097439136527,R/h,0.12552728577360614,0.8086312388813565,0
39522121.98480631,,4,Ce-144,581440,652.5592157013932,R/h,0.07415649518292887,0.8827877340642853,0
39522121.98480631,,5,Pr-144,591440,560.7539618475744,R/h,0.0637237931363248,0.9465115272006102,0
39522121.98480631,,6,Rh-106,451060,333.59517756346645,R/h,0.037909585188286674,0.9844211123888968,0
39522121.98480631,,7,Sb-125,511250,45.75669886560052,R/h,0.005199767833125382,0.9896208802220222,0
39522121.98480631,,8,Ru-103,441030,42.74861024192779,R/h,0.004857930181976057,0.9944788104039983,0
51137338.35845221,,1,Ba-137m,561371,1095.280651083157,R/h,0.2947938335768088,0.2947938335768088,0
51137338.35845221,,2,Nb-95,410950,983.5975115705493,R/h,0.2647344138196387,0.5595282473964475,0
51137338.35845221,,3,Ce-144,581440,470.5202034669049,R/h,0.12664010308059204,0.6861683504770395,0
51137338.35845221,,4,Zr-95,400950,430.4179775722021,R/h,0.11584662389809068,0.8020149743751301,0
51137338.35845221,,5,Pr-144,591440,404.3250970562147,R/h,0.10882374782631613,0.9108387222014462,0
51137338.35845221,,6,Rh-106,451060,259.6410723487549,R/h,0.06988216855286329,0.9807208907543096,0
51137338.35845221,,7,Sb-125,511250,41.71472785403977,R/h,0.011227482680849464,0.9919483734351591,0
51137338.35845221,,8,Pr-144m,591441,10.630954795016146,R/h,0.0028613122266930554,0.9948096856618521,0
66166168.28904397,,1,Ba-137m,561371,1083.3266460217535,R/h,0.5123866942902088,0.5123866942902088,0
66166168.28904397,,2,Ce-144,581440,308.1710149281543,R/h,0.1457572636978458,0.6581439579880546,0
66166168.28904397,,3,Pr-144,591440,264.81599430299974,R/h,0.1252514118565899,0.7833953698446445,0
66166168.28904397,,4,Rh-106,451060,187.73186721637825,R/h,0.08879252735928451,0.8721878972039291,0
66166168.28904397,,5,Nb-95,410950,150.227905573038,R/h,0.07105408161922466,0.9432419788231537,0
66166168.28904397,,6,Zr-95,400950,65.48377250874712,R/h,0.030972203858018313,0.9742141826811721,0
66166168.28904397,,7,Sb-125,511250,37.01007051182229,R/h,0.01750484745726394,0.991719030138436,0
66166168.28904397,,8,Pr-144m,591441,6.962829873607834,R/h,0.003293246219821488,0.9950122763582575,0
85611843.84228894,,1,Ba-137m,561371,1068.0528692960343,R/h,0.6734688320649213,0.6734688320649213,0
85611843.84228894,,2,Ce-144,581440,178.23459828627819,R/h,0.11238717688248608,0.7858560089474074,0
85611843.84228894,,3,Pr-144,591440,153.15967458970897,R/h,0.09657599368967651,0.8824320026370839,0
85611843.84228894,,4,Rh-106,451060,123.39918110801472,R/h,0.07781028895447671,0.9602422915915606,0
85611843.84228894,,5,Sb-125,511250,31.70129581044267,R/h,0.019989492353946228,0.9802317839455068,0
85611843.84228894,,6,Nb-95,410950,13.153759985487381,R/h,0.00829420305806333,0.9885259870035701,0
85611843.84228894,,7,Zr-95,400950,5.7285567453124715,R/h,0.003612184875479124,0.9921381718790492,0
85611843.84228894,,8,Pr-144m,591441,4.0270405889641046,R/h,0.0025392809664143826,0.9946774528454636,0
110772438.47729456,,1,Ba-137m,561371,1048.6093926924568,R/h,0.7948127338256434,0.7948127338256434,0
110772438.47729456,,2,Ce-144,581440,87.76167377867321,R/h,0.0665205712892174,0.8613333051148608,0
110772438.47729456,,3,Pr-144,591440,75.41492800292421,R/h,0.05716212873447729,0.9184954338493381,0
110772438.47729456,,4,Rh-106,451060,71.70211425770084,R/h,0.054347933416762924,0.972843367266101,0
110772438.47729456,,5,Sb-125,511250,25.94609473860596,R/h,0.019666318683585156,0.9925096859496861,0
110772438.47729456,,6,Te-125m,521251,3.2879932405048806,R/h,0.002492194819632307,0.9950018807693184,0
110772438.47729456,,7,Eu-155,631550,3.2294133475982476,R/h,0.0024477931147145354,0.9974496738840329,0
110772438.47729456,,8,Pr-144m,591441,1.982891233578457,R/h,0.0015029688015598614,0.9989526426855928,0
143327518.43086556,,1,Ba-137m,561371,1023.9759894532829,R/h,0.8893469925937388,0.8893469925937388,0
143327518.43086556,,2,Rh-106,451060,35.518761270322365,R/h,0.03084887130340016,0.920195863897139,0
143327518.43086556,,3,Ce-144,581440,35.09062880527835,R/h,0.03047702828741115,0.9506728921845502,0
143327518.43086556,,4,Pr-144,591440,30.153905810881163,R/h,0.026189369403261307,0.9768622615878115,0
143327518.43086556,,5,Sb-125,511250,20.02151553961383,R/h,0.01738915249549095,0.9942514140833025,0
143327518.43086556,,6,Eu-155,631550,2.7783503777065794,R/h,0.002413062003635737,0.9966644760869383,0
143327518.43086556,,7,Te-125m,521251,2.537207996147809,R/h,0.002203624229669291,0.9988681003166076,0
143327518.43086556,,8,Pr-144m,591441,0.7928392570789267,R/h,0.0006885993579496592,0.9995566996745572,0
185450260.20855147,,1,Ba-137m,561371,992.9598213771599,R/h,0.9490167573320223,0.9490167573320223,0
185450260.20855147,,2,Sb-125,511250,14.316506180747753,R/h,0.013682934575473052,0.9626996919074954,0
185450260.20855147,,3,Rh-106,451060,14.31281163697267,R/h,0.013679403532345459,0.9763790954398408,0
185450260.20855147,,4,Ce-144,581440,10.717047383877077,R/h,0.010242768476084688,0.9866218639159255,0
185450260.20855147,,5,Pr-144,591440,9.209320219863793,R/h,0.008801765211573139,0.9954236291274987,0
185450260.20855147,,6,Eu-155,631550,2.286907045710064,R/h,0.0021857008331207803,0.9976093299606195,0
185450260.20855147,,7,Te-125m,521251,1.8142459858005502,R/h,0.0017339572109364304,0.9993432871715558,0
185450260.20855147,,8,Kr-85,360850,0.3276681596625489,R/h,0.0003131673282939304,0.9996564544998497,0
239952518.45519495,,1,Ba-137m,561371,954.2183122003546,R/h,0.9780765032122151,0.9780765032122151,0
239952518.45519495,,2,Sb-125,511250,9.276174967105792,R/h,0.009508105911413827,0.9875846091236289,0
239952518.45519495,,3,Rh-106,451060,4.415536334719844,R/h,0.004525937390690605,0.9921105465143195,0
239952518.45519495,,4,Ce-144,581440,2.3097816603299814,R/h,0.002367532817841067,0.9944780793321606,0
239952518.45519495,,5,Pr-144,591440,1.9848301669308608,R/h,0.0020344566063350087,0.9965125359384956,0
239952518.45519495,,6,Eu-155,631550,1.7777261585732471,R/h,0.0018221744045519054,0.9983347103430475,0
239952518.45519495,,7,Te-125m,521251,1.1755146811389623,R/h,0.001204905915242601,0.9995396162582901,0
239952518.45519495,,8,Kr-85,360850,0.2931557175866423,R/h,0.00030048545022431624,0.9998401017085145,0
310472528.04197186,,1,Ba-137m,561371,906.3255382359772,R/h,0.9900013108022077,0.9900013108022077,0
310472528.04197186,,2,Sb-125,511250,5.290681754546511,R/h,0.005779139670093489,0.9957804504723011,0
310472528.04197186,,3,Eu-155,631550,1.2833180027380848,R/h,0.0014017992997963856,0.9971822497720975,0
310472528.04197186,,4,Rh-106,451060,0.9641383943911603,R/h,0.0010531516921610399,0.9982354014642585,0
310472528.04197186,,5,Te-125m,521251,0.6704567451301562,R/h,0.000732356122069482,0.9989677575863279,0
310472528.04197186,,6,Ce-144,581440,0.3170930839458148,R/h,0.00034636844655582915,0.9993141260328837,0
310472528.04197186,,7,Pr-144,591440,0.2724828625798035,R/h,0.00029763962256893514,0.9996117656554526,0
310472528.04197186,,8,Kr-85,360850,0.2538382078029537,R/h,0.000277273615113753,0.9998890392705664,0
401717770.2044915,,1,Ba-137m,561371,847.9070318820052,R/h,0.9950679585550167,0.9950679585550167,0
401717770.2044915,,2,Sb-125,511250,2.558507861625467,R/h,0.0030025570010473756,0.9980705155560641,0
401717770.2044915,,3,Eu-155,631550,0.8418002972531076,R/h,0.0009879013521558143,0.9990584169082198,0
401717770.2044915,,4,Te-125m,521251,0.32422453908161014,R/h,0.00038049625499777157,0.9994389131632176,0
401717770.2044915,,5,Kr-85,360850,0.2106857860506615,R/h,0.0002472519594001494,0.9996861651226178,0
401717770.2044915,,6,Rh-106,451060,0.1346104643824111,R/h,0.00015797316799678177,0.9998441382906146,0
401717770.2044915,,7,Y-90,390900,0.03818105436202954,R/h,4.480767630287789e-05,0.9998889459669175,0
401717770.2044915,,8,Sm-151,621510,0.03166483058500077,R/h,3.716051069687546e-05,0.9999261064776144,0
519779214.97857326,,1,Ba-137m,561371,777.8721397877102,R/h,0.9975987241749891,0.9975987241749891,0
519779214.97857326,,2,Sb-125,511250,0.9993826064639726,R/h,0.0012816795488307649,0.9988804037238198,0
519779214.97857326,,3,Eu-155,631550,0.4878259697298862,R/h,0.000625622824279032,0.9995060265480988,0
519779214.97857326,,4,Kr-85,360850,0.1655507921995239,R/h,0.00021231414603623146,0.9997183406941351,0
519779214.97857326,,5,Te-125m,521251,0.12664583517875183,R/h,0.00016241965373753944,0.9998807603478727,0
519779214.97857326,,6,Y-90,390900,0.03489235754478331,R/h,4.474844847847748e-05,0.9999255087963511,0
519779214.97857326,,7,Sm-151,621510,0.030765493243488803,R/h,3.945586329482729e-05,0.9999649646596459,0
519779214.97857326,,8,Rh-106,451060,0.010537151484029315,R/h,1.3513594766069183e-05,0.999978478254412,0
672537916.8220829,,1,Ba-137m,561371,695.7687086873104,R/h,0.9988934595594657,0.9988934595594657,0
672537916.8220829,,2,Sb-125,511250,0.29613800428843673,R/h,0.0004251561070758851,0.9993186156665416,0
672537916.8220829,,3,Eu-155,631550,0.2408157459678517,R/h,0.00034573166427685314,0.9996643473308184,0
672537916.8220829,,4,Kr-85,360850,0.12118690109387886,R/h,0.0001739842585265767,0.999838331589345,0
672537916.8220829,,5,Te-125m,521251,0.03752781431125488,R/h,5.3877513890785725e-05,0.9998922091032357,0
672537916.8220829,,6,Y-90,390900,0.031053916383030997,R/h,4.45831403186269e-05,0.9999367922435544,0
672537916.8220829,,7,Sm-151,621510,0.029639648360797653,R/h,4.255271977824603e-05,0.9999793449633326,0
672537916.8220829,,8,Sn-121m,501211,0.0054971257813961494,R/h,7.892052230650248e-06,0.9999872370155632,0
870191105.2407779,,1,Ba-137m,561371,602.2606477621003,R/h,0.999477492557642,0.999477492557642,0
870191105.2407779,,2,Eu-155,631550,0.09660588249823014,R/h,0.00016032162414136297,0.9996378141817833,0
870191105.2407779,,3,Kr-85,360850,0.08094033031144823,R/h,0.00013432396535798435,0.9997721381471413,0
870191105.2407779,,4,Sb-125,511250,0.061377888288896086,R/h,0.00010185924999984591,0.9998739973971411,0
870191105.2407779,,5,Sm-151,621510,0.02824384780016734,R/h,4.687188227287553e-05,0.999920869279414,0
870191105.2407779,,6,Y-90,390900,0.026707143405982403,R/h,4.432165512386717e-05,0.999965190934538,0
870191105.2407779,,7,Te-125m,521251,0.007778056045380654,R/h,1.2908019114475962e-05,0.9999780989536524,0
870191105.2407779,,8,Sn-121m,501211,0.004979520244473431,R/h,8.263728381689418e-06,0.9999863626820341,0
1125932888.986074,,1,Ba-137m,561371,499.66950050998946,R/h,0.9997046284990236,0.9997046284990236,0
1125932888.986074,,2,Kr-85,360850,0.04801288610523904,R/h,9.606090509429508e-05,0.9998006894041179,0
1125932888.986074,,3,Eu-155,631550,0.029630637320562786,R/h,5.9282956523279575e-05,0.9998599723606412,0
1125932888.986074,,4,Sm-151,621510,0.02653492659083671,R/h,5.30892698126788e-05,0.9999130616304539,0
1125932888.986074,,5,Y-90,390900,0.021973126368477713,R/h,4.3962331322485734e-05,0.9999570239617764,0
1125932888.986074,,6,Sb-125,511250,0.00801050910321212,R/h,1.6026879805433753e-05,0.9999730508415818,0
1125932888.986074,,7,Sn-121m,501211,0.00438144361403843,R/h,8.766093299653257e-06,0.9999818169348815,0
1125932888.986074,,8,Sb-126m,511261,0.0036497836847918463,R/h,7.302238057321021e-06,0.9999891191729389,0
1456835013.44197,,1,Ba-137m,561371,392.4154607981204,R/h,0.9997842252490312,0.9997842252490312,0
1456835013.44197,,2,Sm-151,621510,0.02447629637231875,R/h,6.23599665410573e-05,0.9998465852155722,0
1456835013.44197,,3,Kr-85,360850,0.024428339817831664,R/h,6.223778428407903e-05,0.9999088229998563,0
1456835013.44197,,4,Y-90,390900,0.01707077344884895,R/h,4.349239954064757e-05,0.9999523153993969,0
1456835013.44197,,5,Eu-155,631550,0.006421476468338051,R/h,1.63604432475587e-05,0.9999686758426445,0
1456835013.44197,,6,Sn-121m,501211,0.003712917668756307,R/h,9.459659176835226e-06,0.9999781355018214,0
1456835013.44197,,7,Sb-126m,511261,0.0036496683518533685,R/h,9.298514482972446e-06,0.9999874340163043,0
1456835013.44197,,8,Nb-93m,410931,0.0018966666563045567,R/h,4.832269859277177e-06,0.9999922662861636,0
1884986465.1362073,,1,Ba-137m,561371,287.05780741035403,R/h,0.9998041571140833,0.9998041571140833,0
1884986465.1362073,,2,Sm-151,621510,0.022047842491651853,R/h,7.6791238592018e-05,0.9998809483526754,0
1884986465.1362073,,3,Y-90,390900,0.012313816390350965,R/h,4.2888242365110335e-05,0.9999238365950405,0
1884986465.1362073,,4,Kr-85,360850,0.01019021985286534,R/h,3.549189016216858e-05,0.9999593284852026,0
1884986465.1362073,,5,Sb-126m,511261,0.003649519128951194,R/h,1.271104391658905e-05,0.9999720395291192,0
1884986465.1362073,,6,Sn-121m,501211,0.0029969676188310113,R/h,1.0438248348215672e-05,0.9999824777774674,0
1884986465.1362073,,7,Nb-93m,410931,0.0020303002903298965,R/h,7.071407284735441e-06,0.9999895491847521,0
1884986465.1362073,,8,Sb-126,511260,0.000903642467749995,R/h,3.1473294663250687e-06,0.9999926965142185,0
2438967996.349739,,1,Ba-137m,561371,191.55301093211918,R/h,0.9997883475404473,0.9997883475404473,0
2438967996.349739,,2,Sm-151,621510,0.019259712992508695,R/h,0.00010052380034739934,0.9998888713407947,0
2438967996.349739,,3,Y-90,390900,0.008069386986220046,R/h,4.2117213618094896e-05,0.9999309885544129,0
2438967996.349739,,4,Sb-126m,511261,0.0036493260597583043,R/h,1.9047226943433368e-05,0.9999500357813563,0
2438967996.349739,,5,Kr-85,360850,0.003287603924200379,R/h,1.7159260920772326e-05,0.999967195042277,0
2438967996.349739,,6,Sn-121m,501211,0.002271470461505897,R/h,1.1855672161690483e-05,0.9999790507144387,0
2438967996.349739,,7,Nb-93m,410931,0.0021197292469468474,R/h,1.1063676789654624e-05,0.9999901143912283,0
2438967996.349739,,8,Sb-126,511260,0.0009035946626790792,R/h,4.7162057659663955e-06,0.9999948305969942,0
3155760000,,1,Ba-137m,561371,113.49523511995544,R/h,0.9997303159220623,0.9997303159220623,0
3155760000,,2,Sm-151,621510,0.016168782007413878,R/h,0.00014242379010239792,0.9998727397121647,0
3155760000,,3,Y-90,390900,0.004670291622564616,R/h,4.1138573917573626e-05,0.9999138782860822,0
3155760000,,4,Sb-126m,511261,0.0036490762643250404,R/h,3.2143130614264366e-05,0.9999460214166965,0
3155760000,,5,Nb-93m,410931,0.002169201186964612,R/h,1.9107552714883487e-05,0.9999651289694114,0
3155760000,,6,Sn-121m,501211,0.001586919723274978,R/h,1.3978487771895005e-05,0.9999791074571832,0
3155760000,,7,Sb-126,511260,0.0009035328118551927,R/h,7.958828778029636e-06,0.9999870662859612,0
3155760000,,8,Kr-85,360850,0.0007606508061789494,R/h,6.7002431420484035e-06,0.9999937665291033,0
