time_s,time_end_s,rank,contributor,key,value,unit,fraction,cumulative_fraction,flags,pinned
86400,,1,Nb-97,410970,145717.30887017868,W,0.09704067225721168,0.09704067225721168,0,0
86400,,2,Y-93,390930,139811.06022937965,W,0.09310739663563124,0.19014806889284291,0,0
86400,,3,I-133,531330,136135.16308276262,W,0.09065942711833881,0.2808074960111817,0,0
86400,,4,Sr-91,380910,130789.08119018476,W,0.08709919542849848,0.3679066914396802,0,0
86400,,5,I-135,531350,130441.73537075368,W,0.08686787993080868,0.4547745713704889,0,0
86400,,6,I-132,531320,114383.69949932286,W,0.0761740055505018,0.5309485769209907,0,0
86400,,7,Xe-135,541350,105136.2687079521,W,0.07001566439251253,0.6009642413135032,0,0
86400,,8,Zr-97,400970,103081.99606382457,W,0.06864761827684251,0.6696118595903457,0,0
86400,,9,Nb-97m,410971,84352.0195204337,W,0.05617436078104461,0.7257862203713904,0,0
86400,,10,Y-92,390920,76078.67779348098,W,0.05066471577578032,0.7764509361471708,0,0
