time_s,criterion,unit,response,limit,fraction,criterion_scale,binding,unbounded,allowed_scale
31557600,pack limit,1,351606.80371529993,1,351606.80371529993,2.8440860342671626e-06,true,false,2.8440860342671626e-06
36335275.45378429,pack limit,1,351347.02213822573,1,351347.02213822573,2.846188915773942e-06,true,false,2.846188915773942e-06
41836268.990746334,pack limit,1,351077.6799538516,1,351077.6799538516,2.8483724745231534e-06,true,false,2.8483724745231534e-06
48170087.64092911,pack limit,1,350801.4924778805,1,350801.4924778805,2.85061501003464e-06,true,false,2.85061501003464e-06
55462817.29491743,pack limit,1,350521.2383289462,1,350521.2383289462,2.8528941777318252e-06,true,false,2.8528941777318252e-06
63859632.66705134,pack limit,1,350239.36949225137,1,350239.36949225137,2.855190155948827e-06,true,false,2.855190155948827e-06
73527687.25551993,pack limit,1,349957.49780947843,1,349957.49780947843,2.8574898559379157e-06,true,false,2.8574898559379157e-06
84659440.82911932,pack limit,1,349675.78194375086,1,349675.78194375086,2.859791989142848e-06,true,false,2.859791989142848e-06
97476490.68019773,pack limit,1,349392.26422982157,1,349392.26422982157,2.862112594863362e-06,true,false,2.862112594863362e-06
112233982.91166675,pack limit,1,349102.2269283633,1,349102.2269283633,2.864490464007274e-06,true,false,2.864490464007274e-06
129225691.5725764,pack limit,1,348797.6408596287,1,348797.6408596287,2.866991868223224e-06,true,false,2.866991868223224e-06
148789866.75144315,pack limit,1,348466.75614887406,1,348466.75614887406,2.8697142047397313e-06,true,false,2.8697142047397313e-06
171315968.04400644,pack limit,1,348093.83328701643,1,348093.83328701643,2.8727886114990796e-06,true,false,2.8727886114990796e-06
197252417.43702596,pack limit,1,347658.9464193585,1,347658.9464193585,2.876382185182615e-06,true,false,2.876382185182615e-06
227115525.94301113,pack limit,1,347137.7388774446,1,347137.7388774446,2.8807009091945648e-06,true,false,2.8807009091945648e-06
261499771.6863898,pack limit,1,346501.00746640953,1,346501.00746640953,2.8859944948268063e-06,true,false,2.8859944948268063e-06
301089634.044625,pack limit,1,345714.05525895854,1,345714.05525895854,2.892563911672454e-06,true,false,2.892563911672454e-06
346673219.42386544,pack limit,1,344735.86768989783,1,344735.86768989783,2.900771557949797e-06,true,false,2.900771557949797e-06
399157949.9143272,pack limit,1,343518.28799008124,1,343518.28799008124,2.9110531664878174e-06,true,false,2.9110531664878174e-06
459588627.1359319,pack limit,1,342005.4467637292,1,342005.4467637292,2.9239300410640515e-06,true,false,2.9239300410640515e-06
529168230.8670708,pack limit,1,340133.7177053746,1,340133.7177053746,2.940020197780582e-06,true,false,2.940020197780582e-06
609281866.4900595,pack limit,1,337832.4451020363,1,337832.4451020363,2.960047249748223e-06,true,false,2.960047249748223e-06
701524337.9696863,pack limit,1,335025.64833088574,1,335025.64833088574,2.984846100536031e-06,true,false,2.984846100536031e-06
807731895.2538297,pack limit,1,331634.8611727677,1,331634.8611727677,3.015364538166096e-06,true,false,3.015364538166096e-06
930018788.0844895,pack limit,1,327583.18284486036,1,327583.18284486036,3.052659759013296e-06,true,false,3.052659759013296e-06
1070819353.887641,pack limit,1,322800.4599288277,1,322800.4599288277,3.097889018561138e-06,true,false,3.097889018561138e-06
1232936477.575946,pack limit,1,317229.25538481685,1,317229.25538481685,3.1522943834008752e-06,true,false,3.1522943834008752e-06
1419597387.942702,pack limit,1,310830.9111767434,1,310830.9111767434,3.217183246718291e-06,true,false,3.217183246718291e-06
1634517901.3730714,pack limit,1,303590.6630087896,1,303590.6630087896,3.2939089433427268e-06,true,false,3.2939089433427268e-06
1881976391.7576704,pack limit,1,295520.5778888003,1,295520.5778888003,3.383859111077822e-06,true,false,3.383859111077822e-06
2166898959.1107726,pack limit,1,286659.249002235,1,286659.249002235,3.4884623589877723e-06,true,false,3.4884623589877723e-06
2494957492.325406,pack limit,1,277067.8341584421,1,277067.8341584421,3.609224445116018e-06,true,false,3.609224445116018e-06
2872682578.178527,pack limit,1,266823.1180137275,1,266823.1180137275,3.7478011929556726e-06,true,false,3.7478011929556726e-06
3307593504.2399864,pack limit,1,256009.47723705455,1,256009.47723705455,3.9061053941922626e-06,true,false,3.9061053941922626e-06
3808347943.623968,pack limit,1,244712.32618831602,1,244712.32618831602,4.08643085363203e-06,true,false,4.08643085363203e-06
4384914301.32298,pack limit,1,233015.20694248896,1,233015.20694248896,4.291565400908845e-06,true,false,4.291565400908845e-06
5048770152.984012,pack limit,1,221001.0075034096,1,221001.0075034096,4.524866249691518e-06,true,false,4.524866249691518e-06
5813130726.402484,pack limit,1,208755.51458053503,1,208755.51458053503,4.790292615787228e-06,true,false,4.790292615787228e-06
6693211974.063015,pack limit,1,196369.95494641733,1,196369.95494641733,5.092428728584604e-06,true,false,5.092428728584604e-06
7706533473.652856,pack limit,1,183939.49294692106,1,183939.49294692106,5.436570385069874e-06,true,false,5.436570385069874e-06
8873267186.319178,pack limit,1,171556.84711506485,1,171556.84711506485,5.828971660509068e-06,true,false,5.828971660509068e-06
10216639015.322208,pack limit,1,159303.0287279703,1,159303.0287279703,6.277344555122202e-06,true,false,6.277344555122202e-06
11763391158.821095,pack limit,1,147239.13336015426,1,147239.13336015426,6.7916726836061315e-06,true,false,6.7916726836061315e-06
13544314460.743986,pack limit,1,135403.32857349465,1,135403.32857349465,7.3853428164228386e-06,true,false,7.3853428164228386e-06
15594861357.13132,pack limit,1,123815.78482942047,1,123815.78482942047,8.076514649385683e-06,true,false,8.076514649385683e-06
17955851619.734825,pack limit,1,112491.76066424475,1,112491.76066424475,8.889539945816207e-06,true,false,8.889539945816207e-06
20674284945.950974,pack limit,1,101459.94421544044,1,101459.94421544044,9.856106345540621e-06,true,false,9.856106345540621e-06
23804276571.13202,pack limit,1,90780.3879731256,1,90780.3879731256,1.1015595133786358e-05,true,false,1.1015595133786358e-05
27408134528.29569,pack limit,1,80555.2294747009,1,80555.2294747009,1.2413843353448072e-05,true,false,1.2413843353448072e-05
31557600000,pack limit,1,70926.83732444202,1,70926.83732444202,1.4099035537502969e-05,true,false,1.4099035537502969e-05
