time_s,rank,seed,key,seed_atoms,importance,value,unit,fraction,cumulative,pinned
2592000,1,Xe-140,541400,1.0172342028495161e+23,2.6505460216604093e-07,26962260694596828,Bq,0.13112900067556432,0.13112900067556432,0
2592000,2,Sr-95,380950,1.3165408938161916e+23,1.3866455397311105e-07,18255755582838316,Bq,0.08878554410812689,0.2199145447836912,0
2592000,3,Ba-143,561430,1.1897754339612968e+23,1.4223565150218498e-07,16922848399077992,Bq,0.08230304662842564,0.30221759141211685,0
2592000,4,Cs-140,551400,6.005980819548846e+22,2.650513308249299e-07,15918932091304248,Bq,0.07742057242897343,0.3796381638410903,0
2592000,5,Cs-141,551410,8.458565166334005e+22,1.3092806491139735e-07,11074635691550632,Bq,0.053860688001210154,0.4334988518423004,0
2592000,6,Kr-89,360890,9.977034779300119e+22,1.052422178329018e-07,10500052675695404,Bq,0.05106624514911849,0.4845650969914189,0
2592000,7,Nb-103,411030,4.092109054631932e+22,2.3938901402156503e-07,9796059518570568,Bq,0.04764242545455131,0.5322075224459702,0
2592000,8,Kr-91,360910,9.157417505787663e+22,9.680074544161625e-08,8.86444840880352e+15,Bq,0.04311160234495623,0.5753191247909265,0
2592000,9,Mo-103,421030,3.0085324814719797e+22,2.3938893206551023e-07,7202093778239767,Bq,0.035026861085930235,0.6103459858768567,0
2592000,10,Ba-141,561410,4.815189822711034e+22,1.308799510956562e-07,6302118085127216,Bq,0.030649894532313437,0.6409958804091702,0
