label,key,start_s,end_s,peak_fraction
La-144,571440,60,84.65732804832986,0.05491284953671507
Cs-140,551400,84.65732804832986,169.65876772836972,0.055101720307825244
Xe-137,541370,169.65876772836972,540.6012601147178,0.05753118807538852
Cs-139,551390,540.6012601147178,1080.9315274157443,0.05615466871298705
Y-94,390940,1080.9315274157443,2536.671598652686,0.05471245513581462
Cs-138,551380,2536.671598652686,4704.928102944612,0.08333205380811272
I-134,531340,4704.928102944612,16047.409799625839,0.118939608158784
Y-92,390920,16047.409799625839,47110.55275430592,0.09899147981058413
Xe-135,541350,47110.55275430592,339096.79901314556,0.11405603856679308
Xe-133,541330,339096.79901314556,1147385.6612148117,0.1435006601787362
La-140,571400,1147385.6612148117,2960776.9106964828,0.13793021841095557
Ce-141,581410,2960776.9106964828,5329742.288822222,0.123614524646611
Nb-95,410950,5329742.288822222,24358504.605387684,0.2485195517711802
Pr-144,591440,24358504.605387684,105989988.65741561,0.31918856505833043
Pm-147,611470,105989988.65741561,189350939.92686808,0.20206564336253438
Cs-137,551370,189350939.92686808,3155760000,0.26166214856433373
