kind,order,contributor,peak_fraction,closed_shortfall,requirement,time_s,achieved,required
member,1,I-134,0.20367833095231827,7.375130564674148e+19,,,,
member,2,Cs-138,0.15355496466677873,5.773366669996849e+19,,,,
member,3,Ba-139,0.07772651637904218,5.538314143960592e+19,,,,
member,4,La-142,0.12259287595672878,5.000490482923264e+19,,,,
member,5,Te-134,0.06481222160813996,4.617953115129917e+19,,,,
member,6,Sr-92,0.06892142114878948,4.070331666025251e+19,,,,
member,7,La-141,0.0730907081026276,3.6577486106937663e+19,,,,
member,8,Tc-101,0.05953849723496552,3.0122743253389505e+19,,,,
member,9,I-135,0.1183418849737417,2.9441726533061562e+19,,,,
member,10,Y-92,0.13895644191339968,2.571103128807741e+19,,,,
member,11,Rb-88,0.0818710278567441,2.530750567776212e+19,,,,
member,12,Te-133m,0.03394784090693539,2.5145900142840283e+19,,,,
member,13,Kr-88,0.06242971841948263,2.3602632588042277e+19,,,,
member,14,Y-93,0.09343704424049099,2.3520744777705964e+19,,,,
member,15,Pr-146,0.04523536684141632,2.3093646752869052e+19,,,,
member,16,Te-131,0.034294749612837336,2.2891912255480234e+19,,,,
member,17,Sr-91,0.08794429582357163,2.2217695542145364e+19,,,,
member,18,Kr-87,0.0313233674623089,2.0244853214497763e+19,,,,
member,19,Y-94,0.0527150389980047,2.021917022953906e+19,,,,
member,20,Pr-145,0.04523019418037268,1.95279595032804e+19,,,,
member,21,Ba-141,0.03406777918934588,1.6729905855230726e+19,,,,
member,22,Zr-97,0.07545103988952843,1.6138906487140553e+19,,,,
member,23,Nb-97m,0.07178332716253803,1.535438618352005e+19,,,,
member,24,I-133,0.11252408751212079,1.4742082057665149e+19,,,,
member,25,Nb-97,0.10641712966093579,1.3887589183440085e+19,,,,
member,26,Xe-135,0.11459167758769805,1.282978150580078e+19,,,,
member,27,Y-91m,0.04306574393738731,1.1944107755241318e+19,,,,
member,28,Rb-89,0.04108010838145742,1.161918762008913e+19,,,,
member,29,Xe-138,0.023882922555607863,1.0511497626251e+19,,,,
member,30,Sb-131,0.022304916538706955,1.03045710504735e+19,,,,
member,31,La-143,0.023089348982625806,1.0196466994723484e+19,,,,
member,32,Ce-143,0.09130555400535204,9.943967414867837e+18,,,,
member,33,Te-133,0.016539218596632207,9.643185730514797e+18,,,,
member,34,Mo-101,0.0212431495924602,9.488649694531385e+18,,,,
member,35,Nd-149,0.012254255507460796,8.36571960475494e+18,,,,
member,36,Mo-99,0.1064081726418188,6.15729436615674e+18,,,,
member,37,Ru-105,0.011432956611719365,5.653239386320413e+18,,,,
member,38,Tc-104,0.023751803683551224,5.611813088278709e+18,,,,
member,39,Kr-85m,0.011219745597041619,5.53686064698444e+18,,,,
member,40,Br-84,0.012507732773428027,5.347147018684306e+18,,,,
member,41,Xe-135m,0.01218702323380431,5.328905903230552e+18,,,,
member,42,Ce-146,0.010536352429760252,4.5642937918707133e+18,,,,
member,43,Y-95,0.015027425894546797,4.4893940139259e+18,,,,
member,44,Ba-142,0.01098264970167749,4.2945429136982697e+18,,,,
member,45,Tc-102,0.010003698851843495,3.929845133185567e+18,,,,
member,46,Te-132,0.07441082269853892,3.4743684900779315e+18,,,,
member,47,Mo-102,0.009798712772899072,3.2153727092455066e+18,,,,
member,48,Tc-99m,0.10288088246776014,3.0141769025124454e+18,,,,
member,49,Pr-147,0.008199031500558574,2.676698723067563e+18,,,,
member,50,I-132,0.27821549070770213,2.5303702134094684e+18,,,,
member,51,Xe-133,0.14435528273566872,1.6802645803821993e+18,,,,
member,52,Ba-140,0.11851500182379844,1.2802136830196385e+18,,,,
member,53,I-131,0.05448436713042574,7.71796953867153e+17,,,,
member,54,La-140,0.48564046936599825,6.964000380057828e+17,,,,
member,55,Pr-143,0.12765861589678326,6.46676273234139e+17,,,,
member,56,Ce-141,0.12325345298278506,4.1726822995290195e+17,,,,
member,57,Nd-147,0.042705980339137944,3.1764019170052045e+17,,,,
member,58,Zr-95,0.2011143135903351,2.5643746282295155e+17,,,,
member,59,Y-91,0.135241863431444,2.455347193462906e+17,,,,
member,60,Sr-89,0.10547328473984853,2.2227562908678896e+17,,,,
member,61,Pm-149,0.01891064818537413,1.866971877062683e+17,,,,
member,62,Ru-103,0.0655809798719363,1.3543631764140144e+17,,,,
member,63,Nb-95,0.30639037446221445,8.54043621691309e+16,,,,
member,64,Rh-103m,0.06487540789535859,61903583667035784,,,,
member,65,Pr-144,0.6619894388728657,25575752561332964,,,,
member,66,Ce-144,0.3198270727712886,16503573139723502,,,,
member,67,Pm-147,0.20132471050422782,2579967336033304.5,,,,
member,68,Cs-137,0.26166214856433373,1359296275749805,,,,
member,69,Y-90,0.46991109930498676,1315304380071986.8,,,,
member,70,Sr-90,0.2420308020679384,1237388126285572,,,,
member,71,Ba-137m,0.34708223737050264,1090604324754970.4,,,,
member,72,Rh-106,0.07404747612667906,91978360507085.61,,,,
binding,,,,,decay heat (W),3600,0.9506292684176568,0.95
