kind,label,assayed,carried_s,nuclide,atoms,atoms_at_assay,atoms_at_epoch
assay,docs/figures/data/scenario-assay.csv @ 2021-06-14,2021-06-14,71539200,,,5.667672745673457e+21,5.667672742815645e+21
assay,docs/figures/data/scenario-assay.csv @ 2022-02-03,2022-02-03,51321600,,,2.3828468185728407e+21,2.382846818572843e+21
assay,docs/figures/data/scenario-assay.csv @ 2023-09-20,2023-09-20,0,,,1.5350444030378354e+21,1.5350444030378354e+21
merged,,2023-09-20,,Co-60,3.918697382290608e+19,,
merged,,2023-09-20,,Ni-60,1.3609495709635195e+19,,
merged,,2023-09-20,,Sr-90,2.2687579069907911e+21,,
merged,,2023-09-20,,Y-90,5.754865110587755e+17,,
merged,,2023-09-20,,Zr-90,9.001825051536117e+19,,
merged,,2023-09-20,,Cs-137,5.329094885279726e+21,,
merged,,2023-09-20,,Ba-137,2.857805739533318e+20,,
merged,,2023-09-20,,Ba-137m,814050045333162,,
merged,,2023-09-20,,Sm-154,519487662379584.1,,
merged,,2023-09-20,,Eu-154,2.0609131986856428e+19,,
merged,,2023-09-20,,Gd-154,2.885523081113067e+18,,
merged,,2023-09-20,,Pu-239,1.2074483219045844e+21,,
merged,,2023-09-20,,Pu-240,2.389668524168152e+20,,
merged,,2023-09-20,,Am-241,8.862922871643578e+19,,
