bin,energy_low_ev,energy_high_ev,emission,unit
1,495.7927,175483.3978825,1.6175952637491192e+18,photons/s
2,175483.3978825,350471.003065,1.7800979405222894e+18,photons/s
3,350471.003065,525458.6082475,3.520605407811196e+17,photons/s
4,525458.6082475,700446.21343,2.566446550328113e+18,photons/s
5,700446.21343,875433.8186125,1.412987733788961e+18,photons/s
6,875433.8186125,1050421.423795,4.3444467756099936e+17,photons/s
7,1050421.423795,1225409.0289775,1.8560016749847866e+17,photons/s
8,1225409.0289775,1400396.6341600001,2.494235233725115e+17,photons/s
9,1400396.6341600001,1575384.2393425,8.258969428726485e+16,photons/s
10,1575384.2393425,1750371.844525,1.0957121817509752e+17,photons/s
11,1750371.844525,1925359.4497075,5.987244904920906e+16,photons/s
12,1925359.4497075,2100347.0548900003,11565395587420614,photons/s
13,2100347.0548900003,2275334.6600725,10346246977726832,photons/s
14,2275334.6600725,2450322.265255,12053426547156614,photons/s
15,2450322.265255,2625309.8704375,2177363890241400.8,photons/s
16,2625309.8704375,2800297.47562,551637740049771.4,photons/s
17,2800297.47562,2975285.0808025002,67869144101162.32,photons/s
18,2975285.0808025002,3150272.685985,81863301463062.88,photons/s
19,3150272.685985,3325260.2911675,64753764085864.72,photons/s
20,3325260.2911675,3500247.89635,42594261445684.81,photons/s
21,3500247.89635,3675235.5015325,9202464366802.895,photons/s
22,3675235.5015325,3850223.1067150002,1209260272801.049,photons/s
23,3850223.1067150002,4025210.7118975,1105184929994.9702,photons/s
24,4025210.7118975,4200198.31708,3010784146465.2363,photons/s
25,4200198.31708,4375185.9222625,1.177161925591117e-05,photons/s
26,4375185.9222625,4550173.527445,8.570564896847606e-06,photons/s
27,4550173.527445,4725161.1326275,2.8912749049606385e-06,photons/s
28,4725161.1326275,4900148.73781,41667494426881.734,photons/s
29,4900148.73781,5075136.3429925,2.9118690585816184e-27,photons/s
30,5075136.3429925,5250123.948175,3.724817754522354e-27,photons/s
31,5250123.948175,5425111.5533575,8.60983438285235e-28,photons/s
32,5425111.5533575,5600099.15854,1.4989097654716621e-27,photons/s
33,5600099.15854,5775086.7637225,9.12205945590932e-28,photons/s
34,5775086.7637225,5950074.368905,8.551008744703592e-28,photons/s
35,5950074.368905,6125061.9740875,1.1444362803010938e-27,photons/s
36,6125061.9740875,6300049.579270001,9.375334561909747e-29,photons/s
37,6300049.579270001,6475037.1844525,2.825368234046626e-29,photons/s
38,6475037.1844525,6650024.789635,0,photons/s
39,6650024.789635,6825012.3948175,2.2410503310693025e-30,photons/s
40,6825012.3948175,7000000,8.443295493869812e-29,photons/s
below,0,495.7927,0,photons/s
above,7000000,,0,photons/s
total,,,8.887697105514983e+18,photons/s
